{"id":"5061d8ee.76fd78","label":"entity clusters","nodes":[{"id":"d0266c1a.3ce51","type":"Profileconfig","z":"5061d8ee.76fd78","name":"entity clusters-profileconfig","properties":[{"p":"costPerTransaction","pt":"flow","to":"1","tot":"str"},{"p":"effortPerTransaction","pt":"flow","to":"1","tot":"str"}],"x":110,"y":40,"wires":[[]]},{"id":"b7205d4d.b70d7","type":"inject","z":"5061d8ee.76fd78","name":"entity clusters-inject","payloadType":"date","repeat":"","crontab":"","once":false,"onceDelay":0.1,"x":150,"y":120,"wires":[["e316844e.5afac8"]]},{"id":"84bb1703.39f078","type":"entity-clusters","z":"5061d8ee.76fd78","name":"","persistent":false,"entityClusterInput":"entityClusterInput","outputs":1,"threads":1,"noerr":0,"x":520,"y":300,"wires":[["8d0d30af.11665"]]},{"id":"8d0d30af.11665","type":"debug","z":"5061d8ee.76fd78","name":"","active":true,"tosidebar":true,"console":false,"tostatus":false,"complete":"false","x":650,"y":400,"wires":[]},{"id":"e316844e.5afac8","type":"function","z":"5061d8ee.76fd78","name":"","func":"//var entityclusterInput={\"projectName\":\"Sample\",\"collection\":\"defect\"};\nvar entityclusterInput={\"projectName\":\"Sample\",\"collection\":\"testcase\"}\n//var entityclusterInput={\"projectName\":\"Sample\",\"collectionName\":\"defect\",\"feature\":\"Stability\"};\n//var entityclusterInput={\"projectName\":\"Sample\",\"collectionName\":\"defect\",\"priority\":\"VERIFIED\"}\n//var entityclusterInput={\"projectName\":\"Sample\",\"serachString\":\"visualization\"};\nmsg[\"entityClusterInput\"]=JSON.stringify(entityclusterInput);\nreturn msg;","outputs":1,"noerr":0,"x":370,"y":200,"wires":[["84bb1703.39f078"]]}],"project":"NodeRedDemo","createdBy":"hcltech\\saidareddy-k","processes":"General"}