{"processes":"General","nodes":[{"wires":[[]],"name":"re train models-profileconfig","x":110,"y":40,"z":"28390437.fca16c","id":"3cc85ad9.baccb6","type":"Profileconfig","properties":[{"p":"costPerTransaction","pt":"flow","tot":"str","to":"1"},{"p":"effortPerTransaction","pt":"flow","tot":"str","to":"1"}]},{"wires":[["f47d276c.0b22a8"]],"payloadType":"date","once":false,"crontab":"","repeat":"","name":"re train models-inject","x":110,"y":160,"z":"28390437.fca16c","id":"ce1c7f8.631498","type":"inject","onceDelay":0.1},{"outputs":1,"wires":[["8e974653.b922a8"]],"noerr":0,"name":"","x":340,"threads":1,"y":240,"z":"28390437.fca16c","id":"79dd88b5.b50bf8","modelType":"models","type":"re-train-models","persistent":false},{"wires":[],"console":false,"tostatus":false,"name":"","x":540,"active":true,"y":360,"z":"28390437.fca16c","id":"8e974653.b922a8","type":"debug","complete":"false","tosidebar":true},{"outputs":1,"wires":[["79dd88b5.b50bf8"]],"func":"msg.models = '{\"projectName\":\"mozilla\",\"models\":[\"GT\",\"ET\",\"RAG\",\"SVD\",\"FMM\"]}'\nreturn msg;","noerr":0,"name":"","x":190,"y":220,"z":"28390437.fca16c","id":"f47d276c.0b22a8","type":"function"}],"createdBy":"hcltech\\harshitha_p","project":"NodeRedDemo","id":"28390437.fca16c","label":"re train models"}