{"id":"1e8b9c46.285fb4","label":"re index entities","nodes":[{"id":"2a0bbbaf.895f64","type":"Profileconfig","z":"1e8b9c46.285fb4","name":"re index entities-profileconfig","properties":[{"p":"costPerTransaction","pt":"flow","to":"1","tot":"str"},{"p":"effortPerTransaction","pt":"flow","to":"1","tot":"str"}],"x":110,"y":40,"wires":[[]]},{"id":"2ca30b53.893fc4","type":"inject","z":"1e8b9c46.285fb4","name":"re index entities-inject","payloadType":"date","repeat":"","crontab":"","once":false,"onceDelay":0.1,"x":140,"y":140,"wires":[["1708d689.4d3a69"]]},{"id":"90b3f774.1b4808","type":"re-index-entities","z":"1e8b9c46.285fb4","name":"","persistent":false,"mappings":"reIndexEntitiesMapping","modelType":"reIndexEntitiesList","outputs":1,"threads":1,"noerr":0,"x":420,"y":300,"wires":[["e10526e9.6a4228"]]},{"id":"e10526e9.6a4228","type":"debug","z":"1e8b9c46.285fb4","name":"","active":true,"tosidebar":true,"console":false,"tostatus":false,"complete":"false","x":550,"y":400,"wires":[]},{"id":"1708d689.4d3a69","type":"function","z":"1e8b9c46.285fb4","name":"","func":"var reIndexEntitiesList=\"defects,testcases,regression\";\nvar reIndexEntitiesMapping={\"projectName\":\"Sample\",\"entitymappings\":[{\"defects\":[{\"title\":{\"type\":\"text\",\"store\":\"store\",\"analyzer\":\"cess_analyzer\"}},{\"description\":{\"type\":\"text\",\"store\":\"store\",\"analyzer\":\"cess_analyzer\"}}]} ,{\"testcases\":[{\"title\":{\"type\":\"text\",\"store\":\"store\",\"analyzer\":\"cess_analyzer\"}},{\"description\":{\"type\":\"text\",\"store\":\"store\",\"analyzer\":\"cess_analyzer\"}}]} ]};\n\n\nmsg[\"reIndexEntitiesList\"]=reIndexEntitiesList;\nmsg[\"reIndexEntitiesMapping\"]=JSON.stringify(reIndexEntitiesMapping);\nreturn msg;","outputs":1,"noerr":0,"x":350,"y":200,"wires":[["90b3f774.1b4808"]]}],"project":"NodeRedDemo","createdBy":"hcltech\\saidareddy-k","processes":"General"}