{"id":"1acf4bbe.b69bc4","label":"similar search","nodes":[{"id":"5091a23c.18e86c","type":"Profileconfig","z":"1acf4bbe.b69bc4","name":"similar search-profileconfig","properties":[{"p":"costPerTransaction","pt":"flow","to":"1","tot":"str"},{"p":"effortPerTransaction","pt":"flow","to":"1","tot":"str"}],"x":110,"y":40,"wires":[[]]},{"id":"9f36119.53f7ef","type":"inject","z":"1acf4bbe.b69bc4","name":"similar search-inject","payloadType":"date","repeat":"","crontab":"","once":false,"onceDelay":0.1,"x":130,"y":120,"wires":[["9f85221a.d4df9"]]},{"id":"bc9d871.d94ab78","type":"SimilarSearch","z":"1acf4bbe.b69bc4","name":"","persistent":false,"entitySearchInput":"entitySearchInput","outputs":1,"threads":1,"noerr":0,"x":480,"y":300,"wires":[["76b184d1.f985ac"]]},{"id":"76b184d1.f985ac","type":"debug","z":"1acf4bbe.b69bc4","name":"","active":true,"tosidebar":true,"console":false,"tostatus":false,"complete":"false","x":630,"y":400,"wires":[]},{"id":"9f85221a.d4df9","type":"function","z":"1acf4bbe.b69bc4","name":"","func":"//var similarsearch={\"collection\":\"defects\",\"searchinput\":{\"defectId\":\"794428\",\"projectName\":\"Sample\",\"size\":\"2\"}};\n//var similarsearch={\"collection\":\"defects\",\"searchinput\":{\"defectContent\":\"upload is not working\",\"projectName\":\"Sample\",\"size\":\"2\"}};\n//var similarsearch={\"collection\":\"testcase\",\"searchinput\":{\"testcaseContent\":\"Support for cubic spline interpolation\",\"projectName\":\"Sample\",\"size\":\"2\"}};\nvar similarsearch={\"collection\":\"testcase\",\"searchinput\":{\"testcaseid\":\"12524\",\"projectName\":\"Sample\",\"size\":\"2\"}};\nmsg[\"entitySearchInput\"]=JSON.stringify(similarsearch);\nreturn msg;","outputs":1,"noerr":0,"x":330,"y":200,"wires":[["bc9d871.d94ab78"]]}],"project":"NodeRedDemo","createdBy":"hcltech\\saidareddy-k","processes":"General"}