{"id":"f9f19b0c.b0c018","label":"regression optimization","nodes":[{"id":"47bb8dc2.17eb44","type":"Profileconfig","z":"f9f19b0c.b0c018","name":"regression optimization-profileconfig","properties":[{"p":"costPerTransaction","pt":"flow","to":"1","tot":"str"},{"p":"effortPerTransaction","pt":"flow","to":"1","tot":"str"}],"x":110,"y":40,"wires":[[]]},{"id":"f352fb52.6f6318","type":"inject","z":"f9f19b0c.b0c018","name":"regression optimization-inject","payloadType":"date","repeat":"","crontab":"","once":false,"onceDelay":0.1,"x":160,"y":140,"wires":[["34972e65.c293a2"]]},{"id":"96504530.a713e8","type":"get-testcase-recommendations-for-regression","z":"f9f19b0c.b0c018","name":"","persistent":false,"regressionInput":"regressionInput","outputs":1,"threads":1,"noerr":0,"x":610,"y":300,"wires":[["95fcffc2.8dede"]]},{"id":"95fcffc2.8dede","type":"debug","z":"f9f19b0c.b0c018","name":"","active":true,"tosidebar":true,"console":false,"tostatus":false,"complete":"false","x":830,"y":480,"wires":[]},{"id":"34972e65.c293a2","type":"function","z":"f9f19b0c.b0c018","name":"","func":"//var regressionInput={\"servicetype\":\"regression\",\"regressioninput\":{projectName:\"Sample\",\"defectIds\":\"\",\"maxNoOfTestCases\":\"30\",\"features\":[{\"featurename\":\"open\",\"priority\":\"LOW\"},{\"featurename\":\" file\",\"priority\":\"LOW\"},{\"featurename\":\" pdf\",\"priority\":\"HIGH\"},{\"featurename\":\"viewer\",\"priority\":\"HIGH\"},{\"featurename\":\"new page\",\"priority\":\"HIGH\"},{\"featurename\":\" display\",\"priority\":\"LOW\"},{\"featurename\":\"video\",\"priority\":\"LOW\"},{\"featurename\":\"tab\",\"priority\":\"LOW\"},{\"featurename\":\"mode\",\"priority\":\"LOW\"}],\"buildIds\":[{\"relsname\":\"21\", \"bldid\":\"21.1\"},{\"relsname\":\"15\", \"bldid\":\"15.1\"}],\"testbeds\":[{\"envname\":\"window7\", \"distrbt\":\"100\"}]}};\nvar regressionInput={\"servicetype\":\"optimization\",\"regressioninput\":{projectName:\"Sample\",\"defectIds\":\"\",\"maxNoOfTestCases\":\"30\",\"features\":[{\"featurename\":\"open\",\"priority\":\"HIGH\"},{\"featurename\":\"new page\",\"priority\":\"LOW\"},{\"featurename\":\"web\",\"priority\":\"HIGH\"}],\"buildIds\":[{\"relsname\":\"15\", \"bldid\":\"15.1\"},{\"relsname\":\"21\", \"bldid\":\"21.1\"}],\"testbeds\":[{\"envname\":\"window7\", \"distrbt\":\"100\"}],\"profileData\":[{\"bucketType\":\"HFTWt\", \"value\":\"5\"},{\"bucketType\":\"HFTMin\", \"value\":\"10\"}],\"testBedDist\":[{\"name\":\"Windows\",\"dist\":\"100\",\"tcCount\":\"56\"}],\"capacityPlanning\":{\"end_date\":\"2018-08-14T13:39:31.384Z\",\"maxNoOfTestCases\":\"56\",\"testcase_exec_rate_per_each_person\":\"2\",\"no_of_resources\":\"2\",\"env_setup_days\":\"2\",\"start_date\":\"2018-08-07T13:39:31.383Z\"}}};\n\n\nmsg[\"regressionInput\"]=JSON.stringify(regressionInput);\nreturn msg;","outputs":1,"noerr":0,"x":400,"y":200,"wires":[["96504530.a713e8"]]}],"project":"NodeRedDemo","createdBy":"hcltech\\saidareddy-k","processes":"General"}