{"id":"90aa4e6b.310b4","label":"orphan defects","nodes":[{"id":"3e11907c.51bd5","type":"Profileconfig","z":"90aa4e6b.310b4","name":"orphan defects-profileconfig","properties":[{"p":"costPerTransaction","pt":"flow","to":"1","tot":"str"},{"p":"effortPerTransaction","pt":"flow","to":"1","tot":"str"}],"x":110,"y":40,"wires":[[]]},{"id":"7501ff6b.d016c","type":"inject","z":"90aa4e6b.310b4","name":"orphan defects-inject","payloadType":"date","repeat":"","crontab":"","once":false,"onceDelay":0.1,"x":110,"y":160,"wires":[["1542cbbb.cb9764"]]},{"id":"99bd1f91.a7011","type":"orphan-defects","z":"90aa4e6b.310b4","name":"","persistent":false,"orphandefectsinput":"orphandefectsinput","outputs":1,"threads":1,"noerr":0,"x":460,"y":300,"wires":[["c1504490.b809b8"]]},{"id":"c1504490.b809b8","type":"debug","z":"90aa4e6b.310b4","name":"","active":true,"tosidebar":true,"console":false,"tostatus":false,"complete":"false","x":630,"y":400,"wires":[]},{"id":"1542cbbb.cb9764","type":"function","z":"90aa4e6b.310b4","name":"","func":"var orphandefects={\"projectName\":\"Sample\"}\nmsg[\"orphandefectsinput\"]=JSON.stringify(orphandefects);\nreturn msg;","outputs":1,"noerr":0,"x":330,"y":220,"wires":[["99bd1f91.a7011"]]}],"project":"NodeRedDemo","createdBy":"hcltech\\saidareddy-k","processes":"General"}