{"processes":"General","nodes":[{"wires":[[]],"name":"test-profileconfig","x":110,"y":40,"z":"ac9008f3.4e3048","id":"febff10a.1690b","type":"Profileconfig","properties":[{"p":"costPerTransaction","pt":"flow","tot":"str","to":"1"},{"p":"effortPerTransaction","pt":"flow","tot":"str","to":"1"}]},{"wires":[["a7f5235b.64589"]],"payloadType":"date","once":false,"crontab":"","repeat":"","name":"test-inject","x":110,"y":160,"z":"ac9008f3.4e3048","id":"3415f231.e334de","type":"inject","onceDelay":0.1},{"defectLocalizationInput":"defectLocalizationInput","outputs":1,"wires":[["1015fabb.47fa25"]],"noerr":0,"name":"","x":350,"threads":1,"y":300,"z":"ac9008f3.4e3048","id":"9e4fb3be.60043","type":"defect-localization","persistent":false},{"outputs":1,"wires":[["9e4fb3be.60043"]],"func":"var defectLocalizationInput={\"projectName\":\"mozilla\",\"defectId\":\"752285\"};\nmsg[\"defectLocalizationInput\"]=JSON.stringify(defectLocalizationInput);\nreturn msg;","noerr":0,"name":"","x":300,"y":220,"z":"ac9008f3.4e3048","id":"a7f5235b.64589","type":"function"},{"wires":[],"console":false,"tostatus":false,"name":"","x":340,"active":true,"y":400,"z":"ac9008f3.4e3048","id":"1015fabb.47fa25","type":"debug","complete":"false","tosidebar":true}],"keywords":"12","createdBy":"hcltech\\harshitha_p","project":"NodeRedDemo","id":"ac9008f3.4e3048","label":"Defect localization","processGroup":"General"}