{"costPerTransaction":"","botInstanceOwner":"","botDownloadId":"","effortPerTransaction":"","executionType":"","timeSaved":"","executionEndTime":"","transactionName":"","costSaved":"","botExecutionId":"","runTimeId":"","botInstanceId":"","workLog":"","projectCode":"","executionResult":"Success","botId":"","numberOfTransaction":"","timeSavedPerTransaction":"","executedBy":"admin","botName":"","effortSaved":"","runTimeGuid":"","executionStartTime":"","projectName":"","projectId":"","remarks":"","botInstanceName":""}